{"train_algo/loss_group:0": 0.0958687886595726, "train_algo/loss_group:1": NaN, "train_algo/loss_group:2": NaN, "train_algo/loss_group:3": 0.07971245795488358, "train_algo/loss_group:4": 0.08301202207803726, "train_algo/loss_avg": 0.08690773082897071, "train_algo/acc_group:0": 0.9605262279510498, "train_algo/acc_group:1": NaN, "train_algo/acc_group:2": NaN, "train_algo/acc_group:3": 0.9708333611488342, "train_algo/acc_group:4": 0.970703125, "train_algo/acc_avg": 0.966875, "train_algo/objective": 0.05951357058249412, "train_algo/penalty": 0.0009736224904190749, "train_algo/weight_group:0": 0.41603416204452515, "train_algo/weight_group:1": NaN, "train_algo/weight_group:2": NaN, "train_algo/weight_group:3": 0.3672168254852295, "train_algo/weight_group:4": 0.21676000952720642, "train_algo/count_group:0": 608.0, "train_algo/count_group:1": 0.0, "train_algo/count_group:2": 0.0, "train_algo/count_group:3": 480.0, "train_algo/count_group:4": 512.0, "train_algo/count": 1600, "train_algo/epoch": 1, "train_algo/batch": 8049, "_runtime": 6371, "_timestamp": 1615791927, "_step": 353, "train_eval/acc_avg": 0.9451777338981628, "train_eval/acc_slide:0": 0.9658295512199402, "train_eval/count_slide:0": 7287.0, "train_eval/acc_slide:1": 0.9517143964767456, "train_eval/count_slide:1": 7787.0, "train_eval/acc_slide:2": 0.8566381931304932, "train_eval/count_slide:2": 6794.0, "train_eval/acc_slide:3": 0.9716114401817322, "train_eval/count_slide:3": 22967.0, "train_eval/acc_slide:4": 0.9549857378005981, "train_eval/count_slide:4": 12285.0, "train_eval/acc_slide:5": 0.9015151262283325, "train_eval/count_slide:5": 5544.0, "train_eval/acc_slide:6": 0.9630453586578369, "train_eval/count_slide:6": 5845.0, "train_eval/acc_slide:7": 0.9672070741653442, "train_eval/count_slide:7": 2714.0, "train_eval/acc_slide:8": 0.9411404728889465, "train_eval/count_slide:8": 22885.0, "train_eval/acc_slide:9": 0.8652997016906738, "train_eval/count_slide:9": 6340.0, "train_eval/acc_slide:10": 0.0, "train_eval/count_slide:10": 0.0, "train_eval/acc_slide:11": 0.0, "train_eval/count_slide:11": 0.0, "train_eval/acc_slide:12": 0.0, "train_eval/count_slide:12": 0.0, "train_eval/acc_slide:13": 0.0, "train_eval/count_slide:13": 0.0, "train_eval/acc_slide:14": 0.0, "train_eval/count_slide:14": 0.0, "train_eval/acc_slide:15": 0.0, "train_eval/count_slide:15": 0.0, "train_eval/acc_slide:16": 0.0, "train_eval/count_slide:16": 0.0, "train_eval/acc_slide:17": 0.0, "train_eval/count_slide:17": 0.0, "train_eval/acc_slide:18": 0.0, "train_eval/count_slide:18": 0.0, "train_eval/acc_slide:19": 0.0, "train_eval/count_slide:19": 0.0, "train_eval/acc_slide:20": 0.0, "train_eval/count_slide:20": 0.0, "train_eval/acc_slide:21": 0.0, "train_eval/count_slide:21": 0.0, "train_eval/acc_slide:22": 0.0, "train_eval/count_slide:22": 0.0, "train_eval/acc_slide:23": 0.0, "train_eval/count_slide:23": 0.0, "train_eval/acc_slide:24": 0.0, "train_eval/count_slide:24": 0.0, "train_eval/acc_slide:25": 0.0, "train_eval/count_slide:25": 0.0, "train_eval/acc_slide:26": 0.0, "train_eval/count_slide:26": 0.0, "train_eval/acc_slide:27": 0.0, "train_eval/count_slide:27": 0.0, "train_eval/acc_slide:28": 0.0, "train_eval/count_slide:28": 0.0, "train_eval/acc_slide:29": 0.0, "train_eval/count_slide:29": 0.0, "train_eval/acc_slide:30": 0.982252836227417, "train_eval/count_slide:30": 8283.0, "train_eval/acc_slide:31": 0.9753586053848267, "train_eval/count_slide:31": 2719.0, "train_eval/acc_slide:32": 0.950228214263916, "train_eval/count_slide:32": 6791.0, "train_eval/acc_slide:33": 0.9683385491371155, "train_eval/count_slide:33": 3190.0, "train_eval/acc_slide:34": 0.945302426815033, "train_eval/count_slide:34": 3108.0, "train_eval/acc_slide:35": 0.923416793346405, "train_eval/count_slide:35": 4753.0, "train_eval/acc_slide:36": 0.9833046793937683, "train_eval/count_slide:36": 8146.0, "train_eval/acc_slide:37": 0.9686428308486938, "train_eval/count_slide:37": 4082.0, "train_eval/acc_slide:38": 0.9370152950286865, "train_eval/count_slide:38": 44741.0, "train_eval/acc_slide:39": 0.9167264699935913, "train_eval/count_slide:39": 15323.0, "train_eval/acc_slide:40": 0.949778139591217, "train_eval/count_slide:40": 4958.0, "train_eval/acc_slide:41": 0.9586023688316345, "train_eval/count_slide:41": 7899.0, "train_eval/acc_slide:42": 0.9573608040809631, "train_eval/count_slide:42": 5441.0, "train_eval/acc_slide:43": 0.9406030178070068, "train_eval/count_slide:43": 5539.0, "train_eval/acc_slide:44": 0.9680216908454895, "train_eval/count_slide:44": 5535.0, "train_eval/acc_slide:45": 0.9019566774368286, "train_eval/count_slide:45": 4753.0, "train_eval/acc_slide:46": 0.9388179183006287, "train_eval/count_slide:46": 3367.0, "train_eval/acc_slide:47": 0.965028703212738, "train_eval/count_slide:47": 10094.0, "train_eval/acc_slide:48": 0.9543274641036987, "train_eval/count_slide:48": 41907.0, "train_eval/acc_slide:49": 0.9184499979019165, "train_eval/count_slide:49": 11355.0, "train_eval/acc_wg": 0.8566381931304932, "train_eval/epoch": 0, "val_algo/loss_group:0": NaN, "val_algo/loss_group:1": 0.4573942720890045, "val_algo/loss_group:2": NaN, "val_algo/loss_group:3": NaN, "val_algo/loss_group:4": NaN, "val_algo/loss_avg": 0.45739427040198316, "val_algo/acc_group:0": NaN, "val_algo/acc_group:1": 0.8452039361000061, "val_algo/acc_group:2": NaN, "val_algo/acc_group:3": NaN, "val_algo/acc_group:4": NaN, "val_algo/acc_avg": 0.8452039880952563, "val_algo/objective": 0.0, "val_algo/penalty": 0.0, "val_algo/weight_group:0": NaN, "val_algo/weight_group:1": 0.0, "val_algo/weight_group:2": NaN, "val_algo/weight_group:3": NaN, "val_algo/weight_group:4": NaN, "val_algo/count_group:0": 0.0, "val_algo/count_group:1": 34904.0, "val_algo/count_group:2": 0.0, "val_algo/count_group:3": 0.0, "val_algo/count_group:4": 0.0, "val_algo/count": 34904, "val_algo/epoch": 0, "val_algo/batch": 1091, "val_eval/acc_avg": 0.8452039957046509, "val_eval/acc_slide:0": 0.0, "val_eval/count_slide:0": 0.0, "val_eval/acc_slide:1": 0.0, "val_eval/count_slide:1": 0.0, "val_eval/acc_slide:2": 0.0, "val_eval/count_slide:2": 0.0, "val_eval/acc_slide:3": 0.0, "val_eval/count_slide:3": 0.0, "val_eval/acc_slide:4": 0.0, "val_eval/count_slide:4": 0.0, "val_eval/acc_slide:5": 0.0, "val_eval/count_slide:5": 0.0, "val_eval/acc_slide:6": 0.0, "val_eval/count_slide:6": 0.0, "val_eval/acc_slide:7": 0.0, "val_eval/count_slide:7": 0.0, "val_eval/acc_slide:8": 0.0, "val_eval/count_slide:8": 0.0, "val_eval/acc_slide:9": 0.0, "val_eval/count_slide:9": 0.0, "val_eval/acc_slide:10": 0.6992300152778625, "val_eval/count_slide:10": 2078.0, "val_eval/acc_slide:11": 0.6367529034614563, "val_eval/count_slide:11": 5371.0, "val_eval/acc_slide:12": 0.8821114301681519, "val_eval/count_slide:12": 1705.0, "val_eval/acc_slide:13": 0.960399866104126, "val_eval/count_slide:13": 10404.0, "val_eval/acc_slide:14": 0.9234234094619751, "val_eval/count_slide:14": 888.0, "val_eval/acc_slide:15": 0.9184086322784424, "val_eval/count_slide:15": 2966.0, "val_eval/acc_slide:16": 0.9307986497879028, "val_eval/count_slide:16": 4971.0, "val_eval/acc_slide:17": 0.6927416324615479, "val_eval/count_slide:17": 2659.0, "val_eval/acc_slide:18": 0.8713725209236145, "val_eval/count_slide:18": 1275.0, "val_eval/acc_slide:19": 0.7761886119842529, "val_eval/count_slide:19": 2587.0, "val_eval/acc_slide:20": 0.0, "val_eval/count_slide:20": 0.0, "val_eval/acc_slide:21": 0.0, "val_eval/count_slide:21": 0.0, "val_eval/acc_slide:22": 0.0, "val_eval/count_slide:22": 0.0, "val_eval/acc_slide:23": 0.0, "val_eval/count_slide:23": 0.0, "val_eval/acc_slide:24": 0.0, "val_eval/count_slide:24": 0.0, "val_eval/acc_slide:25": 0.0, "val_eval/count_slide:25": 0.0, "val_eval/acc_slide:26": 0.0, "val_eval/count_slide:26": 0.0, "val_eval/acc_slide:27": 0.0, "val_eval/count_slide:27": 0.0, "val_eval/acc_slide:28": 0.0, "val_eval/count_slide:28": 0.0, "val_eval/acc_slide:29": 0.0, "val_eval/count_slide:29": 0.0, "val_eval/acc_slide:30": 0.0, "val_eval/count_slide:30": 0.0,