{"train_algo/loss_group:0": 0.1301373392343521, "train_algo/loss_group:1": NaN, "train_algo/loss_group:2": NaN, "train_algo/loss_group:3": 0.1379086822271347, "train_algo/loss_group:4": 0.1293451339006424, "train_algo/loss_avg": 0.1324563202261924, "train_algo/acc_group:0": 0.954861044883728, "train_algo/acc_group:1": NaN, "train_algo/acc_group:2": NaN, "train_algo/acc_group:3": 0.9488635659217834, "train_algo/acc_group:4": 0.9596773386001587, "train_algo/acc_avg": 0.9543749999999999, "train_algo/objective": 0.11849715791642665, "train_algo/penalty": 0.28901952922344215, "train_algo/weight_group:0": 0.4406508207321167, "train_algo/weight_group:1": NaN, "train_algo/weight_group:2": NaN, "train_algo/weight_group:3": 0.3156386911869049, "train_algo/weight_group:4": 0.24390806257724762, "train_algo/count_group:0": 576.0, "train_algo/count_group:1": 0.0, "train_algo/count_group:2": 0.0, "train_algo/count_group:3": 528.0, "train_algo/count_group:4": 496.0, "train_algo/count": 1600, "train_algo/epoch": 0, "train_algo/batch": 4849, "_runtime": 1777, "_timestamp": 1615791212, "_step": 96}