{"train_algo/loss_group:0": 0.3371281623840332, "train_algo/loss_group:1": NaN, "train_algo/loss_group:2": NaN, "train_algo/loss_group:3": 0.2821792960166931, "train_algo/loss_group:4": 0.27388304471969604, "train_algo/loss_avg": 0.28761626273393626, "train_algo/acc_group:0": 0.8446968793869019, "train_algo/acc_group:1": NaN, "train_algo/acc_group:2": NaN, "train_algo/acc_group:3": 0.880503237247467, "train_algo/acc_group:4": 0.8928571343421936, "train_algo/acc_avg": 0.8800000000000002, "train_algo/objective": 0.28761626273393626, "train_algo/count_group:0": 264.0, "train_algo/count_group:1": 0.0, "train_algo/count_group:2": 0.0, "train_algo/count_group:3": 636.0, "train_algo/count_group:4": 700.0, "train_algo/count": 1600, "train_algo/epoch": 0, "train_algo/batch": 199, "_runtime": 53, "_timestamp": 1615964305, "_step": 3}