{"train_algo/loss_group:0": 0.3682703971862793, "train_algo/loss_group:1": NaN, "train_algo/loss_group:2": NaN, "train_algo/loss_group:3": 0.27924808859825134, "train_algo/loss_group:4": 0.4229394793510437, "train_algo/loss_avg": 0.35692599505186084, "train_algo/acc_group:0": 0.853571355342865, "train_algo/acc_group:1": NaN, "train_algo/acc_group:2": NaN, "train_algo/acc_group:3": 0.8869731426239014, "train_algo/acc_group:4": 0.8378381729125977, "train_algo/acc_avg": 0.8593749999999999, "train_algo/objective": 0.3594401890039443, "train_algo/weight_group:0": 0.336422324180603, "train_algo/weight_group:1": NaN, "train_algo/weight_group:2": NaN, "train_algo/weight_group:3": 0.311325341463089, "train_algo/weight_group:4": 0.35248348116874695, "train_algo/count_group:0": 560.0, "train_algo/count_group:1": 0.0, "train_algo/count_group:2": 0.0, "train_algo/count_group:3": 522.0, "train_algo/count_group:4": 518.0, "train_algo/count": 1600, "train_algo/epoch": 0, "train_algo/batch": 99, "_runtime": 27, "_timestamp": 1615964309, "_step": 1}