{"train_algo/loss_group:0": 0.22004598379135132, "train_algo/loss_group:1": 0.05004396662116051, "train_algo/loss_group:2": 0.06962220370769501, "train_algo/loss_group:3": 0.020205572247505188, "train_algo/loss_avg": 0.08997942746749948, "train_algo/acc_group:0": 0.9285714626312256, "train_algo/acc_group:1": 0.9821429252624512, "train_algo/acc_group:2": 0.9821429252624512, "train_algo/acc_group:3": 1.0, "train_algo/acc_avg": 0.9732142857142858, "train_algo/objective": 0.11323226828660284, "train_algo/penalty": 0.002325283945538103, "train_algo/count_group:0": 56.0, "train_algo/count_group:1": 56.0, "train_algo/count_group:2": 56.0, "train_algo/count_group:3": 56.0, "train_algo/count": 224, "train_algo/epoch": 4, "train_algo/batch": 16814, "_runtime": 18513, "_timestamp": 1615878893, "_step": 1699, "train_eval/acc_avg": 0.9710695147514343, "train_eval/acc_y:0_male:1": 0.9572218656539917, "train_eval/count_y:0_male:1": 18444.0, "train_eval/acc_y:1_male:1": 0.9840643405914307, "train_eval/count_y:1_male:1": 20771.0, "train_eval/acc_y:0_female:1": 0.9442989230155945, "train_eval/count_y:0_female:1": 17558.0, "train_eval/acc_y:1_female:1": 0.9806341528892517, "train_eval/count_y:1_female:1": 19364.0, "train_eval/acc_y:0_LGBTQ:1": 0.8859325051307678, "train_eval/count_y:0_LGBTQ:1": 4059.0, "train_eval/acc_y:1_LGBTQ:1": 0.9875434637069702, "train_eval/count_y:1_LGBTQ:1": 8911.0, "train_eval/acc_y:0_christian:1": 0.9482041597366333, "train_eval/count_y:0_christian:1": 10580.0, "train_eval/acc_y:1_christian:1": 0.9661935567855835, "train_eval/count_y:1_christian:1": 7750.0, "train_eval/acc_y:0_muslim:1": 0.88580721616745, "train_eval/count_y:0_muslim:1": 5841.0, "train_eval/acc_y:1_muslim:1": 0.978630542755127, "train_eval/count_y:1_muslim:1": 10997.0, "train_eval/acc_y:0_other_religions:1": 0.952088475227356, "train_eval/count_y:0_other_religions:1": 4070.0, "train_eval/acc_y:1_other_religions:1": 0.9835695028305054, "train_eval/count_y:1_other_religions:1": 4869.0, "train_eval/acc_y:0_black:1": 0.9955691695213318, "train_eval/count_y:0_black:1": 67256.0, "train_eval/acc_y:1_black:1": 0.9978291988372803, "train_eval/count_y:1_black:1": 67256.0, "train_eval/acc_y:0_white:1": 0.9737270474433899, "train_eval/count_y:0_white:1": 28889.0, "train_eval/acc_y:1_white:1": 0.9920464158058167, "train_eval/count_y:1_white:1": 35833.0, "train_eval/acc_wg": 0.88580721616745, "train_eval/epoch": 4, "val_algo/loss_group:0": 0.30402714014053345, "val_algo/loss_group:1": 0.5882068276405334, "val_algo/loss_group:2": 0.7084157466888428, "val_algo/loss_group:3": 1.5176085233688354, "val_algo/loss_avg": 0.3658571545263869, "val_algo/acc_group:0": 0.901913046836853, "val_algo/acc_group:1": 0.8453983068466187, "val_algo/acc_group:2": 0.8003096580505371, "val_algo/acc_group:3": 0.6285175085067749, "val_algo/acc_avg": 0.8871181939016545, "val_algo/objective": 0.3658571545263869, "val_algo/penalty": 0.0, "val_algo/count_group:0": 39006.0, "val_algo/count_group:1": 1119.0, "val_algo/count_group:2": 4522.0, "val_algo/count_group:3": 533.0, "val_algo/count": 45180, "val_algo/epoch": 4, "val_algo/batch": 2824, "val_eval/acc_avg": 0.8871182203292847, "val_eval/acc_y:0_male:1": 0.8607407212257385, "val_eval/count_y:0_male:1": 4050.0, "val_eval/acc_y:1_male:1": 0.7762237787246704, "val_eval/count_y:1_male:1": 715.0, "val_eval/acc_y:0_female:1": 0.8666015863418579, "val_eval/count_y:0_female:1": 5120.0, "val_eval/acc_y:1_female:1": 0.7522698044776917, "val_eval/count_y:1_female:1": 771.0, "val_eval/acc_y:0_LGBTQ:1": 0.6942675113677979, "val_eval/count_y:0_LGBTQ:1": 1099.0, "val_eval/acc_y:1_LGBTQ:1": 0.7877094745635986, "val_eval/count_y:1_LGBTQ:1": 358.0, "val_eval/acc_y:0_christian:1": 0.9169467091560364, "val_eval/count_y:0_christian:1": 4166.0, "val_eval/acc_y:1_christian:1": 0.7395833134651184, "val_eval/count_y:1_christian:1": 384.0, "val_eval/acc_y:0_muslim:1": 0.7334167957305908, "val_eval/count_y:0_muslim:1": 1598.0, "val_eval/acc_y:1_muslim:1": 0.744140625, "val_eval/count_y:1_muslim:1": 512.0, "val_eval/acc_y:0_other_religions:1": 0.8373786211013794, "val_eval/count_y:0_other_religions:1": 824.0, "val_eval/acc_y:1_other_religions:1": 0.6728395223617554, "val_eval/count_y:1_other_religions:1": 162.0, "val_eval/acc_y:0_black:1": 0.8453976511955261, "val_eval/count_y:0_black:1": 1119.0, "val_eval/acc_y:1_black:1": 0.6285178065299988, "val_eval/count_y:1_black:1": 533.0, "val_eval/acc_y:0_white:1": 0.6848635077476501, "val_eval/count_y:0_white:1": 2015.0, "val_eval/acc_y:1_white:1": 0.7605633735656738, "val_eval/count_y:1_white:1": 852.0, "val_eval/acc_wg": 0.6285178065299988, "val_eval/epoch": 4}