{"train_algo/loss_group:0": 0.40324991941452026, "train_algo/loss_group:1": 0.36615654826164246, "train_algo/loss_group:2": 0.41465145349502563, "train_algo/loss_group:3": 0.3717329502105713, "train_algo/loss_avg": 0.3889476948976515, "train_algo/acc_group:0": 0.8500000834465027, "train_algo/acc_group:1": 0.9000000357627869, "train_algo/acc_group:2": 0.8399999737739563, "train_algo/acc_group:3": 0.8999999165534973, "train_algo/acc_avg": 0.8724999999999999, "train_algo/objective": 0.47963516116142263, "train_algo/penalty": 0.008293348914012308, "train_algo/weight_group:0": 0.34222182631492615, "train_algo/weight_group:1": 0.15953883528709412, "train_algo/weight_group:2": 0.34792447090148926, "train_algo/weight_group:3": 0.15031488239765167, "train_algo/count_group:0": 200.0, "train_algo/count_group:1": 200.0, "train_algo/count_group:2": 200.0, "train_algo/count_group:3": 200.0, "train_algo/count": 800, "train_algo/epoch": 0, "train_algo/batch": 7349, "_runtime": 1872, "_timestamp": 1615791308, "_step": 146}