{"train_algo/loss_group:0": 0.12805749475955963, "train_algo/loss_group:1": 0.1659175455570221, "train_algo/loss_group:2": 0.15748269855976105, "train_algo/loss_group:3": 0.1335028111934662, "train_algo/loss_avg": 0.14624012298882003, "train_algo/acc_group:0": 0.9499999284744263, "train_algo/acc_group:1": 0.9700000286102295, "train_algo/acc_group:2": 0.9700000286102295, "train_algo/acc_group:3": 0.9949999451637268, "train_algo/acc_avg": 0.9712500000000002, "train_algo/objective": 0.14585506401956086, "train_algo/penalty": 0.00129440902499482, "train_algo/weight_group:0": 0.8311437964439392, "train_algo/weight_group:1": 0.008023482747375965, "train_algo/weight_group:2": 0.14869479835033417, "train_algo/weight_group:3": 0.012137834914028645, "train_algo/count_group:0": 200.0, "train_algo/count_group:1": 200.0, "train_algo/count_group:2": 200.0, "train_algo/count_group:3": 200.0, "train_algo/count": 800, "train_algo/epoch": 4, "train_algo/batch": 6399, "_runtime": 18902, "_timestamp": 1615844638, "_step": 1487, "train_eval/acc_avg": 0.9655904173851013, "train_eval/acc_y:0_male:1": 0.9500438570976257, "train_eval/count_y:0_male:1": 18236.0, "train_eval/acc_y:1_male:1": 0.9781684875488281, "train_eval/count_y:1_male:1": 20704.0, "train_eval/acc_y:0_female:1": 0.9455600380897522, "train_eval/count_y:0_female:1": 17579.0, "train_eval/acc_y:1_female:1": 0.975299596786499, "train_eval/count_y:1_female:1": 19109.0, "train_eval/acc_y:0_LGBTQ:1": 0.8835939168930054, "train_eval/count_y:0_LGBTQ:1": 4029.0, "train_eval/acc_y:1_LGBTQ:1": 0.9771060943603516, "train_eval/count_y:1_LGBTQ:1": 8867.0, "train_eval/acc_y:0_christian:1": 0.9530937075614929, "train_eval/count_y:0_christian:1": 10489.0, "train_eval/acc_y:1_christian:1": 0.9604109525680542, "train_eval/count_y:1_christian:1": 7982.0, "train_eval/acc_y:0_muslim:1": 0.8840951919555664, "train_eval/count_y:0_muslim:1": 5841.0, "train_eval/acc_y:1_muslim:1": 0.9716833829879761, "train_eval/count_y:1_muslim:1": 10877.0, "train_eval/acc_y:0_other_religions:1": 0.9437111020088196, "train_eval/count_y:0_other_religions:1": 4015.0, "train_eval/acc_y:1_other_religions:1": 0.9689518809318542, "train_eval/count_y:1_other_religions:1": 4799.0, "train_eval/acc_y:0_black:1": 0.9708576202392578, "train_eval/count_y:0_black:1": 67256.0, "train_eval/acc_y:1_black:1": 0.9877334237098694, "train_eval/count_y:1_black:1": 67256.0, "train_eval/acc_y:0_white:1": 0.9495254755020142, "train_eval/count_y:0_white:1": 28767.0, "train_eval/acc_y:1_white:1": 0.9825977683067322, "train_eval/count_y:1_white:1": 35800.0, "train_eval/acc_wg": 0.8835939168930054, "train_eval/epoch": 3, "val_algo/loss_group:0": 0.2191852182149887, "val_algo/loss_group:1": 0.3970353901386261, "val_algo/loss_group:2": 1.0130172967910767, "val_algo/loss_group:3": 0.7993140816688538, "val_algo/loss_avg": 0.3098873639993788, "val_algo/acc_group:0": 0.9156278967857361, "val_algo/acc_group:1": 0.8141204714775085, "val_algo/acc_group:2": 0.7852717638015747, "val_algo/acc_group:3": 0.6604121923446655, "val_algo/acc_avg": 0.8970562195767335, "val_algo/objective": 0.24439226203252146, "val_algo/penalty": 0.0, "val_algo/weight_group:0": 0.8325753211975098, "val_algo/weight_group:1": 0.007549456786364317, "val_algo/weight_group:2": 0.14732547104358673, "val_algo/weight_group:3": 0.01254986971616745, "val_algo/count_group:0": 39006.0, "val_algo/count_group:1": 1119.0, "val_algo/count_group:2": 4522.0, "val_algo/count_group:3": 533.0, "val_algo/count": 45180, "val_algo/epoch": 3, "val_algo/batch": 2824, "val_eval/acc_avg": 0.8970562219619751, "val_eval/acc_y:0_male:1": 0.8765432238578796, "val_eval/count_y:0_male:1": 4050.0, "val_eval/acc_y:1_male:1": 0.7692307829856873, "val_eval/count_y:1_male:1": 715.0, "val_eval/acc_y:0_female:1": 0.8814452886581421, "val_eval/count_y:0_female:1": 5120.0, "val_eval/acc_y:1_female:1": 0.7613489031791687, "val_eval/count_y:1_female:1": 771.0, "val_eval/acc_y:0_LGBTQ:1": 0.728844404220581, "val_eval/count_y:0_LGBTQ:1": 1099.0, "val_eval/acc_y:1_LGBTQ:1": 0.7625698447227478, "val_eval/count_y:1_LGBTQ:1": 358.0, "val_eval/acc_y:0_christian:1": 0.9265482425689697, "val_eval/count_y:0_christian:1": 4166.0, "val_eval/acc_y:1_christian:1": 0.6953125, "val_eval/count_y:1_christian:1": 384.0, "val_eval/acc_y:0_muslim:1": 0.7828535437583923, "val_eval/count_y:0_muslim:1": 1598.0, "val_eval/acc_y:1_muslim:1": 0.744140625, "val_eval/count_y:1_muslim:1": 512.0, "val_eval/acc_y:0_other_religions:1": 0.8495145440101624, "val_eval/count_y:0_other_religions:1": 824.0, "val_eval/acc_y:1_other_religions:1": 0.6851851940155029, "val_eval/count_y:1_other_religions:1": 162.0, "val_eval/acc_y:0_black:1": 0.8141197562217712, "val_eval/count_y:0_black:1": 1119.0, "val_eval/acc_y:1_black:1": 0.6604127287864685, "val_eval/count_y:1_black:1": 533.0, "val_eval/acc_y:0_white:1": 0.700248122215271, "val_eval/count_y:0_white:1": 2015.0, "val_eval/acc_y:1_white:1": 0.7699530720710754, "val_eval/count_y:1_white:1": 852.0, "val_eval/acc_wg": 0.6604127287864685, "val_eval/epoch": 3}