{"train_algo/loss_group:0": 0.05778137594461441, "train_algo/loss_group:1": 0.1223403587937355, "train_algo/loss_group:2": 0.04207668453454971, "train_algo/loss_group:3": 0.1258581280708313, "train_algo/loss_avg": 0.08701413444110324, "train_algo/acc_group:0": 0.9821429252624512, "train_algo/acc_group:1": 0.9821429252624512, "train_algo/acc_group:2": 1.0, "train_algo/acc_group:3": 1.0, "train_algo/acc_avg": 0.9910714285714286, "train_algo/objective": 0.07121562013136487, "train_algo/penalty": 0.0013455539259926552, "train_algo/weight_group:0": 0.8570268750190735, "train_algo/weight_group:1": 0.009054257534444332, "train_algo/weight_group:2": 0.1162448450922966, "train_algo/weight_group:3": 0.017674073576927185, "train_algo/count_group:0": 56.0, "train_algo/count_group:1": 56.0, "train_algo/count_group:2": 56.0, "train_algo/count_group:3": 56.0, "train_algo/count": 224, "train_algo/epoch": 4, "train_algo/batch": 16814, "_runtime": 21703, "_timestamp": 1615847439, "_step": 1699, "train_eval/acc_avg": 0.9739168286323547, "train_eval/acc_y:0_male:1": 0.9593905806541443, "train_eval/count_y:0_male:1": 18444.0, "train_eval/acc_y:1_male:1": 0.9861826300621033, "train_eval/count_y:1_male:1": 20771.0, "train_eval/acc_y:0_female:1": 0.9536963105201721, "train_eval/count_y:0_female:1": 17558.0, "train_eval/acc_y:1_female:1": 0.9823899865150452, "train_eval/count_y:1_female:1": 19364.0, "train_eval/acc_y:0_LGBTQ:1": 0.9103227257728577, "train_eval/count_y:0_LGBTQ:1": 4059.0, "train_eval/acc_y:1_LGBTQ:1": 0.9821568727493286, "train_eval/count_y:1_LGBTQ:1": 8911.0, "train_eval/acc_y:0_christian:1": 0.9599243998527527, "train_eval/count_y:0_christian:1": 10580.0, "train_eval/acc_y:1_christian:1": 0.9701935648918152, "train_eval/count_y:1_christian:1": 7750.0, "train_eval/acc_y:0_muslim:1": 0.9087485074996948, "train_eval/count_y:0_muslim:1": 5841.0, "train_eval/acc_y:1_muslim:1": 0.9819951057434082, "train_eval/count_y:1_muslim:1": 10997.0, "train_eval/acc_y:0_other_religions:1": 0.9557739496231079, "train_eval/count_y:0_other_religions:1": 4070.0, "train_eval/acc_y:1_other_religions:1": 0.9804887771606445, "train_eval/count_y:1_other_religions:1": 4869.0, "train_eval/acc_y:0_black:1": 0.9803289175033569, "train_eval/count_y:0_black:1": 67256.0, "train_eval/acc_y:1_black:1": 0.993442952632904, "train_eval/count_y:1_black:1": 67256.0, "train_eval/acc_y:0_white:1": 0.9641386270523071, "train_eval/count_y:0_white:1": 28889.0, "train_eval/acc_y:1_white:1": 0.9891161918640137, "train_eval/count_y:1_white:1": 35833.0, "train_eval/acc_wg": 0.9087485074996948, "train_eval/epoch": 4, "val_algo/loss_group:0": 0.2160855233669281, "val_algo/loss_group:1": 0.5073434114456177, "val_algo/loss_group:2": 1.0936893224716187, "val_algo/loss_group:3": 0.6741653680801392, "val_algo/loss_avg": 0.3165414691095885, "val_algo/acc_group:0": 0.920345664024353, "val_algo/acc_group:1": 0.7783740758895874, "val_algo/acc_group:2": 0.770676851272583, "val_algo/acc_group:3": 0.6923072934150696, "val_algo/acc_avg": 0.899158919886606, "val_algo/objective": 0.24728642971406903, "val_algo/penalty": 0.0, "val_algo/weight_group:0": 0.8566893935203552, "val_algo/weight_group:1": 0.009114138782024384, "val_algo/weight_group:2": 0.11640333384275436, "val_algo/weight_group:3": 0.017792709171772003, "val_algo/count_group:0": 39006.0, "val_algo/count_group:1": 1119.0, "val_algo/count_group:2": 4522.0, "val_algo/count_group:3": 533.0, "val_algo/count": 45180, "val_algo/epoch": 4, "val_algo/batch": 2824, "val_eval/acc_avg": 0.8991588950157166, "val_eval/acc_y:0_male:1": 0.8841975331306458, "val_eval/count_y:0_male:1": 4050.0, "val_eval/acc_y:1_male:1": 0.7636363506317139, "val_eval/count_y:1_male:1": 715.0, "val_eval/acc_y:0_female:1": 0.888867199420929, "val_eval/count_y:0_female:1": 5120.0, "val_eval/acc_y:1_female:1": 0.7341115474700928, "val_eval/count_y:1_female:1": 771.0, "val_eval/acc_y:0_LGBTQ:1": 0.7634212970733643, "val_eval/count_y:0_LGBTQ:1": 1099.0, "val_eval/acc_y:1_LGBTQ:1": 0.7374301552772522, "val_eval/count_y:1_LGBTQ:1": 358.0, "val_eval/acc_y:0_christian:1": 0.9327892661094666, "val_eval/count_y:0_christian:1": 4166.0, "val_eval/acc_y:1_christian:1": 0.6796875, "val_eval/count_y:1_christian:1": 384.0, "val_eval/acc_y:0_muslim:1": 0.7790988683700562, "val_eval/count_y:0_muslim:1": 1598.0, "val_eval/acc_y:1_muslim:1": 0.728515625, "val_eval/count_y:1_muslim:1": 512.0, "val_eval/acc_y:0_other_religions:1": 0.8604369163513184, "val_eval/count_y:0_other_religions:1": 824.0, "val_eval/acc_y:1_other_religions:1": 0.6666666865348816, "val_eval/count_y:1_other_religions:1": 162.0, "val_eval/acc_y:0_black:1": 0.7783735394477844, "val_eval/count_y:0_black:1": 1119.0, "val_eval/acc_y:1_black:1": 0.692307710647583, "val_eval/count_y:1_black:1": 533.0, "val_eval/acc_y:0_white:1": 0.7156327366828918, "val_eval/count_y:0_white:1": 2015.0, "val_eval/acc_y:1_white:1": 0.7664319276809692, "val_eval/count_y:1_white:1": 852.0, "val_eval/acc_wg": 0.6666666865348816, "val_eval/epoch": 4}