{"train_algo/loss_group:0": 0.13406221568584442, "train_algo/loss_group:1": 0.0075874305330216885, "train_algo/loss_group:2": 0.019736746326088905, "train_algo/loss_group:3": 0.009535831399261951, "train_algo/loss_avg": 0.04273055241044078, "train_algo/acc_group:0": 0.9642857313156128, "train_algo/acc_group:1": 1.0, "train_algo/acc_group:2": 1.0, "train_algo/acc_group:3": 1.0, "train_algo/acc_avg": 0.9910714285714286, "train_algo/objective": 0.05922819447836705, "train_algo/penalty": 0.0016497640421481005, "train_algo/count_group:0": 56.0, "train_algo/count_group:1": 56.0, "train_algo/count_group:2": 56.0, "train_algo/count_group:3": 56.0, "train_algo/count": 224, "train_algo/epoch": 4, "train_algo/batch": 16814, "_runtime": 19354, "_timestamp": 1615853363, "_step": 1699, "train_eval/acc_avg": 0.9784071445465088, "train_eval/acc_y:0_male:1": 0.9656798839569092, "train_eval/count_y:0_male:1": 18444.0, "train_eval/acc_y:1_male:1": 0.990419328212738, "train_eval/count_y:1_male:1": 20771.0, "train_eval/acc_y:0_female:1": 0.9569426774978638, "train_eval/count_y:0_female:1": 17558.0, "train_eval/acc_y:1_female:1": 0.9871410727500916, "train_eval/count_y:1_female:1": 19364.0, "train_eval/acc_y:0_LGBTQ:1": 0.9090909361839294, "train_eval/count_y:0_LGBTQ:1": 4059.0, "train_eval/acc_y:1_LGBTQ:1": 0.9884412288665771, "train_eval/count_y:1_LGBTQ:1": 8911.0, "train_eval/acc_y:0_christian:1": 0.9588847160339355, "train_eval/count_y:0_christian:1": 10580.0, "train_eval/acc_y:1_christian:1": 0.9797419309616089, "train_eval/count_y:1_christian:1": 7750.0, "train_eval/acc_y:0_muslim:1": 0.9113165736198425, "train_eval/count_y:0_muslim:1": 5841.0, "train_eval/acc_y:1_muslim:1": 0.9869055151939392, "train_eval/count_y:1_muslim:1": 10997.0, "train_eval/acc_y:0_other_religions:1": 0.9594594836235046, "train_eval/count_y:0_other_religions:1": 4070.0, "train_eval/acc_y:1_other_religions:1": 0.989525556564331, "train_eval/count_y:1_other_religions:1": 4869.0, "train_eval/acc_y:0_black:1": 0.9962531328201294, "train_eval/count_y:0_black:1": 67256.0, "train_eval/acc_y:1_black:1": 0.9983347058296204, "train_eval/count_y:1_black:1": 67256.0, "train_eval/acc_y:0_white:1": 0.9787116050720215, "train_eval/count_y:0_white:1": 28889.0, "train_eval/acc_y:1_white:1": 0.9942231774330139, "train_eval/count_y:1_white:1": 35833.0, "train_eval/acc_wg": 0.9090909361839294, "train_eval/epoch": 4, "val_algo/loss_group:0": 0.3016677498817444, "val_algo/loss_group:1": 0.6630776524543762, "val_algo/loss_group:2": 0.8550597429275513, "val_algo/loss_group:3": 1.6752612590789795, "val_algo/loss_avg": 0.38221141276959314, "val_algo/acc_group:0": 0.9132695198059082, "val_algo/acc_group:1": 0.8489721417427063, "val_algo/acc_group:2": 0.7848301529884338, "val_algo/acc_group:3": 0.6303934454917908, "val_algo/acc_avg": 0.8954847277661984, "val_algo/objective": 0.38221141276959314, "val_algo/penalty": 0.0, "val_algo/count_group:0": 39006.0, "val_algo/count_group:1": 1119.0, "val_algo/count_group:2": 4522.0, "val_algo/count_group:3": 533.0, "val_algo/count": 45180, "val_algo/epoch": 4, "val_algo/batch": 2824, "val_eval/acc_avg": 0.8954847455024719, "val_eval/acc_y:0_male:1": 0.8758024573326111, "val_eval/count_y:0_male:1": 4050.0, "val_eval/acc_y:1_male:1": 0.748251736164093, "val_eval/count_y:1_male:1": 715.0, "val_eval/acc_y:0_female:1": 0.8802734613418579, "val_eval/count_y:0_female:1": 5120.0, "val_eval/acc_y:1_female:1": 0.7405966520309448, "val_eval/count_y:1_female:1": 771.0, "val_eval/acc_y:0_LGBTQ:1": 0.7333939671516418, "val_eval/count_y:0_LGBTQ:1": 1099.0, "val_eval/acc_y:1_LGBTQ:1": 0.7625698447227478, "val_eval/count_y:1_LGBTQ:1": 358.0, "val_eval/acc_y:0_christian:1": 0.9231877326965332, "val_eval/count_y:0_christian:1": 4166.0, "val_eval/acc_y:1_christian:1": 0.7083333134651184, "val_eval/count_y:1_christian:1": 384.0, "val_eval/acc_y:0_muslim:1": 0.7659574747085571, "val_eval/count_y:0_muslim:1": 1598.0, "val_eval/acc_y:1_muslim:1": 0.736328125, "val_eval/count_y:1_muslim:1": 512.0, "val_eval/acc_y:0_other_religions:1": 0.8507281541824341, "val_eval/count_y:0_other_religions:1": 824.0, "val_eval/acc_y:1_other_religions:1": 0.6851851940155029, "val_eval/count_y:1_other_religions:1": 162.0, "val_eval/acc_y:0_black:1": 0.8489723205566406, "val_eval/count_y:0_black:1": 1119.0, "val_eval/acc_y:1_black:1": 0.6303939819335938, "val_eval/count_y:1_black:1": 533.0, "val_eval/acc_y:0_white:1": 0.7230769395828247, "val_eval/count_y:0_white:1": 2015.0, "val_eval/acc_y:1_white:1": 0.75, "val_eval/count_y:1_white:1": 852.0, "val_eval/acc_wg": 0.6303939819335938, "val_eval/epoch": 4}