{"train_algo/loss_group:0": 0.242695152759552, "train_algo/loss_group:1": 0.031229395419359207, "train_algo/loss_group:2": 0.12880370020866394, "train_algo/loss_group:3": 0.016486989334225655, "train_algo/loss_avg": 0.10480380460619926, "train_algo/acc_group:0": 0.9200000762939453, "train_algo/acc_group:1": 0.994999885559082, "train_algo/acc_group:2": 0.9699999690055847, "train_algo/acc_group:3": 1.0, "train_algo/acc_avg": 0.9712500000000001, "train_algo/objective": 0.1246069996058941, "train_algo/penalty": 0.0019803195423446595, "train_algo/count_group:0": 200.0, "train_algo/count_group:1": 200.0, "train_algo/count_group:2": 200.0, "train_algo/count_group:3": 200.0, "train_algo/count": 800, "train_algo/epoch": 2, "train_algo/batch": 10099, "_runtime": 10623, "_timestamp": 1615844632, "_step": 881, "train_eval/acc_avg": 0.9517738223075867, "train_eval/acc_y:0_male:1": 0.9375959038734436, "train_eval/count_y:0_male:1": 18252.0, "train_eval/acc_y:1_male:1": 0.9630234241485596, "train_eval/count_y:1_male:1": 20824.0, "train_eval/acc_y:0_female:1": 0.9188987612724304, "train_eval/count_y:0_female:1": 17435.0, "train_eval/acc_y:1_female:1": 0.9552611112594604, "train_eval/count_y:1_female:1": 19245.0, "train_eval/acc_y:0_LGBTQ:1": 0.8313136100769043, "train_eval/count_y:0_LGBTQ:1": 4126.0, "train_eval/acc_y:1_LGBTQ:1": 0.9688671827316284, "train_eval/count_y:1_LGBTQ:1": 8801.0, "train_eval/acc_y:0_christian:1": 0.9252949953079224, "train_eval/count_y:0_christian:1": 10508.0, "train_eval/acc_y:1_christian:1": 0.9302619695663452, "train_eval/count_y:1_christian:1": 7901.0, "train_eval/acc_y:0_muslim:1": 0.8366310596466064, "train_eval/count_y:0_muslim:1": 5711.0, "train_eval/acc_y:1_muslim:1": 0.9564151167869568, "train_eval/count_y:1_muslim:1": 11013.0, "train_eval/acc_y:0_other_religions:1": 0.9236679077148438, "train_eval/count_y:0_other_religions:1": 4035.0, "train_eval/acc_y:1_other_religions:1": 0.961828887462616, "train_eval/count_y:1_other_religions:1": 4768.0, "train_eval/acc_y:0_black:1": 0.9882092475891113, "train_eval/count_y:0_black:1": 67256.0, "train_eval/acc_y:1_black:1": 0.9930117726325989, "train_eval/count_y:1_black:1": 67256.0, "train_eval/acc_y:0_white:1": 0.9556676149368286, "train_eval/count_y:0_white:1": 28760.0, "train_eval/acc_y:1_white:1": 0.9811351895332336, "train_eval/count_y:1_white:1": 36099.0, "train_eval/acc_wg": 0.8313136100769043, "train_eval/epoch": 1, "val_algo/loss_group:0": 0.2765887379646301, "val_algo/loss_group:1": 0.5511900782585144, "val_algo/loss_group:2": 0.5687342882156372, "val_algo/loss_group:3": 1.4482272863388062, "val_algo/loss_avg": 0.32645263832792965, "val_algo/acc_group:0": 0.898553729057312, "val_algo/acc_group:1": 0.8409294486045837, "val_algo/acc_group:2": 0.8182216286659241, "val_algo/acc_group:3": 0.6285175681114197, "val_algo/acc_avg": 0.8859008410906798, "val_algo/objective": 0.32645263832792965, "val_algo/penalty": 0.0, "val_algo/count_group:0": 39006.0, "val_algo/count_group:1": 1119.0, "val_algo/count_group:2": 4522.0, "val_algo/count_group:3": 533.0, "val_algo/count": 45180, "val_algo/epoch": 1, "val_algo/batch": 2824, "val_eval/acc_avg": 0.8859008550643921, "val_eval/acc_y:0_male:1": 0.8577777743339539, "val_eval/count_y:0_male:1": 4050.0, "val_eval/acc_y:1_male:1": 0.7986013889312744, "val_eval/count_y:1_male:1": 715.0, "val_eval/acc_y:0_female:1": 0.8648437261581421, "val_eval/count_y:0_female:1": 5120.0, "val_eval/acc_y:1_female:1": 0.774319052696228, "val_eval/count_y:1_female:1": 771.0, "val_eval/acc_y:0_LGBTQ:1": 0.6960873603820801, "val_eval/count_y:0_LGBTQ:1": 1099.0, "val_eval/acc_y:1_LGBTQ:1": 0.7849162220954895, "val_eval/count_y:1_LGBTQ:1": 358.0, "val_eval/acc_y:0_christian:1": 0.8999040126800537, "val_eval/count_y:0_christian:1": 4166.0, "val_eval/acc_y:1_christian:1": 0.7682291865348816, "val_eval/count_y:1_christian:1": 384.0, "val_eval/acc_y:0_muslim:1": 0.7008761167526245, "val_eval/count_y:0_muslim:1": 1598.0, "val_eval/acc_y:1_muslim:1": 0.80078125, "val_eval/count_y:1_muslim:1": 512.0, "val_eval/acc_y:0_other_religions:1": 0.8191747665405273, "val_eval/count_y:0_other_religions:1": 824.0, "val_eval/acc_y:1_other_religions:1": 0.7530864477157593, "val_eval/count_y:1_other_religions:1": 162.0, "val_eval/acc_y:0_black:1": 0.840929388999939, "val_eval/count_y:0_black:1": 1119.0, "val_eval/acc_y:1_black:1": 0.6285178065299988, "val_eval/count_y:1_black:1": 533.0, "val_eval/acc_y:0_white:1": 0.6674938201904297, "val_eval/count_y:0_white:1": 2015.0, "val_eval/acc_y:1_white:1": 0.7887324094772339, "val_eval/count_y:1_white:1": 852.0, "val_eval/acc_wg": 0.6285178065299988, "val_eval/epoch": 1}