{"train_algo/loss_group:0": 0.2851833701133728, "train_algo/loss_group:1": 0.20554406940937042, "train_algo/loss_group:2": 0.1697378009557724, "train_algo/loss_group:3": 0.2836919128894806, "train_algo/loss_avg": 0.23603925496339795, "train_algo/acc_group:0": 0.8799999356269836, "train_algo/acc_group:1": 0.9299999475479126, "train_algo/acc_group:2": 0.9600000381469727, "train_algo/acc_group:3": 0.940000057220459, "train_algo/acc_avg": 0.9274999999999999, "train_algo/objective": 0.2673632848262786, "train_algo/penalty": 0.002088560085976496, "train_algo/weight_group:0": 0.6424155235290527, "train_algo/weight_group:1": 0.014722331427037716, "train_algo/weight_group:2": 0.3263329863548279, "train_algo/weight_group:3": 0.016529109328985214, "train_algo/count_group:0": 200.0, "train_algo/count_group:1": 200.0, "train_algo/count_group:2": 200.0, "train_algo/count_group:3": 200.0, "train_algo/count": 800, "train_algo/epoch": 1, "train_algo/batch": 8099, "_runtime": 6191, "_timestamp": 1615791940, "_step": 501, "train_eval/acc_avg": 0.8753754496574402, "train_eval/acc_y:0_male:1": 0.838106632232666, "train_eval/count_y:0_male:1": 18401.0, "train_eval/acc_y:1_male:1": 0.8825280666351318, "train_eval/count_y:1_male:1": 20822.0, "train_eval/acc_y:0_female:1": 0.8474094271659851, "train_eval/count_y:0_female:1": 17583.0, "train_eval/acc_y:1_female:1": 0.880105197429657, "train_eval/count_y:1_female:1": 19392.0, "train_eval/acc_y:0_LGBTQ:1": 0.7123016119003296, "train_eval/count_y:0_LGBTQ:1": 4032.0, "train_eval/acc_y:1_LGBTQ:1": 0.9083097577095032, "train_eval/count_y:1_LGBTQ:1": 8845.0, "train_eval/acc_y:0_christian:1": 0.8787412047386169, "train_eval/count_y:0_christian:1": 10391.0, "train_eval/acc_y:1_christian:1": 0.8441210389137268, "train_eval/count_y:1_christian:1": 7833.0, "train_eval/acc_y:0_muslim:1": 0.7186969518661499, "train_eval/count_y:0_muslim:1": 5894.0, "train_eval/acc_y:1_muslim:1": 0.893478274345398, "train_eval/count_y:1_muslim:1": 11040.0, "train_eval/acc_y:0_other_religions:1": 0.8289733529090881, "train_eval/count_y:0_other_religions:1": 4052.0, "train_eval/acc_y:1_other_religions:1": 0.8691418170928955, "train_eval/count_y:1_other_religions:1": 4929.0, "train_eval/acc_y:0_black:1": 0.8793713450431824, "train_eval/count_y:0_black:1": 67256.0, "train_eval/acc_y:1_black:1": 0.8912215828895569, "train_eval/count_y:1_black:1": 67256.0, "train_eval/acc_y:0_white:1": 0.8395112752914429, "train_eval/count_y:0_white:1": 28974.0, "train_eval/acc_y:1_white:1": 0.885127067565918, "train_eval/count_y:1_white:1": 36005.0, "train_eval/acc_wg": 0.7123016119003296, "train_eval/epoch": 0, "val_algo/loss_group:0": 0.3279470205307007, "val_algo/loss_group:1": 0.5974499583244324, "val_algo/loss_group:2": 0.3795125186443329, "val_algo/loss_group:3": 0.4669511914253235, "val_algo/loss_avg": 0.3414228925825266, "val_algo/acc_group:0": 0.8750712275505066, "val_algo/acc_group:1": 0.7426276803016663, "val_algo/acc_group:2": 0.8589120507240295, "val_algo/acc_group:3": 0.761725902557373, "val_algo/acc_avg": 0.8688357680389547, "val_algo/objective": 0.23946959265120604, "val_algo/penalty": 0.0, "val_algo/weight_group:0": 0.564397394657135, "val_algo/weight_group:1": 0.02684514783322811, "val_algo/weight_group:2": 0.3790315091609955, "val_algo/weight_group:3": 0.029726166278123856, "val_algo/count_group:0": 39006.0, "val_algo/count_group:1": 1119.0, "val_algo/count_group:2": 4522.0, "val_algo/count_group:3": 533.0, "val_algo/count": 45180, "val_algo/epoch": 0, "val_algo/batch": 2824, "val_eval/acc_avg": 0.8688357472419739, "val_eval/acc_y:0_male:1": 0.8261728286743164, "val_eval/count_y:0_male:1": 4050.0, "val_eval/acc_y:1_male:1": 0.8503496646881104, "val_eval/count_y:1_male:1": 715.0, "val_eval/acc_y:0_female:1": 0.8349609375, "val_eval/count_y:0_female:1": 5120.0, "val_eval/acc_y:1_female:1": 0.8171206116676331, "val_eval/count_y:1_female:1": 771.0, "val_eval/acc_y:0_LGBTQ:1": 0.629663348197937, "val_eval/count_y:0_LGBTQ:1": 1099.0, "val_eval/acc_y:1_LGBTQ:1": 0.8491619825363159, "val_eval/count_y:1_LGBTQ:1": 358.0, "val_eval/acc_y:0_christian:1": 0.8775804042816162, "val_eval/count_y:0_christian:1": 4166.0, "val_eval/acc_y:1_christian:1": 0.8203125, "val_eval/count_y:1_christian:1": 384.0, "val_eval/acc_y:0_muslim:1": 0.6282853484153748, "val_eval/count_y:0_muslim:1": 1598.0, "val_eval/acc_y:1_muslim:1": 0.849609375, "val_eval/count_y:1_muslim:1": 512.0, "val_eval/acc_y:0_other_religions:1": 0.762135922908783, "val_eval/count_y:0_other_religions:1": 824.0, "val_eval/acc_y:1_other_religions:1": 0.8148148059844971, "val_eval/count_y:1_other_religions:1": 162.0, "val_eval/acc_y:0_black:1": 0.7426273226737976, "val_eval/count_y:0_black:1": 1119.0, "val_eval/acc_y:1_black:1": 0.7617260813713074, "val_eval/count_y:1_black:1": 533.0, "val_eval/acc_y:0_white:1": 0.6019850969314575, "val_eval/count_y:0_white:1": 2015.0, "val_eval/acc_y:1_white:1": 0.8708920478820801, "val_eval/count_y:1_white:1": 852.0, "val_eval/acc_wg": 0.6019850969314575, "val_eval/epoch": 0}