{"train_algo/loss_group:0": 0.5701106786727905, "train_algo/loss_group:1": NaN, "train_algo/loss_group:2": NaN, "train_algo/loss_group:3": 0.435865581035614, "train_algo/loss_group:4": 0.6598235964775085, "train_algo/loss_avg": 0.5567575046420099, "train_algo/acc_group:0": 0.7357141375541687, "train_algo/acc_group:1": NaN, "train_algo/acc_group:2": NaN, "train_algo/acc_group:3": 0.8066404461860657, "train_algo/acc_group:4": 0.6515150666236877, "train_algo/acc_avg": 0.7306249999999997, "train_algo/objective": -120.44822708129882, "train_algo/penalty": -1208.4451953125001, "train_algo/weight_group:0": 0.32771894335746765, "train_algo/weight_group:1": NaN, "train_algo/weight_group:2": NaN, "train_algo/weight_group:3": 0.1760384440422058, "train_algo/weight_group:4": 0.49744829535484314, "train_algo/count_group:0": 560.0, "train_algo/count_group:1": 0.0, "train_algo/count_group:2": 0.0, "train_algo/count_group:3": 512.0, "train_algo/count_group:4": 528.0, "train_algo/count": 1600, "train_algo/epoch": 0, "train_algo/batch": 1399, "_runtime": 427, "_timestamp": 1615788681, "_step": 27}