{"train_algo/loss_group:0": 0.4897611141204834, "train_algo/loss_group:1": 0.5375237464904785, "train_algo/loss_group:2": 0.5177295207977295, "train_algo/loss_group:3": 0.5405157208442688, "train_algo/loss_avg": 0.5213825088739394, "train_algo/acc_group:0": 0.8549999594688416, "train_algo/acc_group:1": 0.7849998474121094, "train_algo/acc_group:2": 0.8250001072883606, "train_algo/acc_group:3": 0.8299999833106995, "train_algo/acc_avg": 0.8237500000000001, "train_algo/objective": 0.5953175246715545, "train_algo/penalty": 0.006953309518285096, "train_algo/weight_group:0": 0.1793186366558075, "train_algo/weight_group:1": 0.3206433653831482, "train_algo/weight_group:2": 0.20860612392425537, "train_algo/weight_group:3": 0.29143187403678894, "train_algo/count_group:0": 200.0, "train_algo/count_group:1": 200.0, "train_algo/count_group:2": 200.0, "train_algo/count_group:3": 200.0, "train_algo/count": 800, "train_algo/epoch": 0, "train_algo/batch": 1999, "_runtime": 504, "_timestamp": 1615791934, "_step": 39}