{"train_algo/loss_group:0": 0.2165341079235077, "train_algo/loss_group:1": 0.1572529524564743, "train_algo/loss_group:2": 0.11140365898609161, "train_algo/loss_group:3": 0.1800462156534195, "train_algo/loss_avg": 0.16630922630429268, "train_algo/acc_group:0": 0.9107142686843872, "train_algo/acc_group:1": 0.9821429252624512, "train_algo/acc_group:2": 0.9821429252624512, "train_algo/acc_group:3": 1.0, "train_algo/acc_avg": 0.9687499999999999, "train_algo/objective": 0.21848086932940142, "train_algo/penalty": 0.0024721959572551505, "train_algo/weight_group:0": 0.7658225297927856, "train_algo/weight_group:1": 0.010308409109711647, "train_algo/weight_group:2": 0.20591282844543457, "train_algo/weight_group:3": 0.01795637235045433, "train_algo/count_group:0": 56.0, "train_algo/count_group:1": 56.0, "train_algo/count_group:2": 56.0, "train_algo/count_group:3": 56.0, "train_algo/count": 224, "train_algo/epoch": 4, "train_algo/batch": 16814, "_runtime": 21547, "_timestamp": 1615812977, "_step": 1699, "train_eval/acc_avg": 0.9674787521362305, "train_eval/acc_y:0_male:1": 0.9524506330490112, "train_eval/count_y:0_male:1": 18444.0, "train_eval/acc_y:1_male:1": 0.9792017936706543, "train_eval/count_y:1_male:1": 20771.0, "train_eval/acc_y:0_female:1": 0.9448114633560181, "train_eval/count_y:0_female:1": 17558.0, "train_eval/acc_y:1_female:1": 0.9731976985931396, "train_eval/count_y:1_female:1": 19364.0, "train_eval/acc_y:0_LGBTQ:1": 0.882729709148407, "train_eval/count_y:0_LGBTQ:1": 4059.0, "train_eval/acc_y:1_LGBTQ:1": 0.9815957546234131, "train_eval/count_y:1_LGBTQ:1": 8911.0, "train_eval/acc_y:0_christian:1": 0.9479206204414368, "train_eval/count_y:0_christian:1": 10580.0, "train_eval/acc_y:1_christian:1": 0.9594838619232178, "train_eval/count_y:1_christian:1": 7750.0, "train_eval/acc_y:0_muslim:1": 0.8762198090553284, "train_eval/count_y:0_muslim:1": 5841.0, "train_eval/acc_y:1_muslim:1": 0.973174512386322, "train_eval/count_y:1_muslim:1": 10997.0, "train_eval/acc_y:0_other_religions:1": 0.9533169269561768, "train_eval/count_y:0_other_religions:1": 4070.0, "train_eval/acc_y:1_other_religions:1": 0.9765865802764893, "train_eval/count_y:1_other_religions:1": 4869.0, "train_eval/acc_y:0_black:1": 0.9863506555557251, "train_eval/count_y:0_black:1": 67256.0, "train_eval/acc_y:1_black:1": 0.9914654493331909, "train_eval/count_y:1_black:1": 67256.0, "train_eval/acc_y:0_white:1": 0.9637924432754517, "train_eval/count_y:0_white:1": 28889.0, "train_eval/acc_y:1_white:1": 0.9843998551368713, "train_eval/count_y:1_white:1": 35833.0, "train_eval/acc_wg": 0.8762198090553284, "train_eval/epoch": 4, "val_algo/loss_group:0": 0.2388087958097458, "val_algo/loss_group:1": 0.42859160900115967, "val_algo/loss_group:2": 0.8202511072158813, "val_algo/loss_group:3": 0.7519194483757019, "val_algo/loss_avg": 0.3077580093232564, "val_algo/acc_group:0": 0.9073991775512695, "val_algo/acc_group:1": 0.8203761577606201, "val_algo/acc_group:2": 0.8000881671905518, "val_algo/acc_group:3": 0.656660258769989, "val_algo/acc_avg": 0.8915449313961233, "val_algo/objective": 0.24061466591509365, "val_algo/penalty": 0.0, "val_algo/weight_group:0": 0.7669041156768799, "val_algo/weight_group:1": 0.010299617424607277, "val_algo/weight_group:2": 0.2048291712999344, "val_algo/weight_group:3": 0.01796773262321949, "val_algo/count_group:0": 39006.0, "val_algo/count_group:1": 1119.0, "val_algo/count_group:2": 4522.0, "val_algo/count_group:3": 533.0, "val_algo/count": 45180, "val_algo/epoch": 4, "val_algo/batch": 2824, "val_eval/acc_avg": 0.8915449380874634, "val_eval/acc_y:0_male:1": 0.8659259080886841, "val_eval/count_y:0_male:1": 4050.0, "val_eval/acc_y:1_male:1": 0.7902097702026367, "val_eval/count_y:1_male:1": 715.0, "val_eval/acc_y:0_female:1": 0.871874988079071, "val_eval/count_y:0_female:1": 5120.0, "val_eval/acc_y:1_female:1": 0.7730220556259155, "val_eval/count_y:1_female:1": 771.0, "val_eval/acc_y:0_LGBTQ:1": 0.7060964703559875, "val_eval/count_y:0_LGBTQ:1": 1099.0, "val_eval/acc_y:1_LGBTQ:1": 0.7905027866363525, "val_eval/count_y:1_LGBTQ:1": 358.0, "val_eval/acc_y:0_christian:1": 0.9195871353149414, "val_eval/count_y:0_christian:1": 4166.0, "val_eval/acc_y:1_christian:1": 0.7369791865348816, "val_eval/count_y:1_christian:1": 384.0, "val_eval/acc_y:0_muslim:1": 0.7440550923347473, "val_eval/count_y:0_muslim:1": 1598.0, "val_eval/acc_y:1_muslim:1": 0.7578125, "val_eval/count_y:1_muslim:1": 512.0, "val_eval/acc_y:0_other_religions:1": 0.8470873832702637, "val_eval/count_y:0_other_religions:1": 824.0, "val_eval/acc_y:1_other_religions:1": 0.6975308656692505, "val_eval/count_y:1_other_religions:1": 162.0, "val_eval/acc_y:0_black:1": 0.8203753232955933, "val_eval/count_y:0_black:1": 1119.0, "val_eval/acc_y:1_black:1": 0.6566604375839233, "val_eval/count_y:1_black:1": 533.0, "val_eval/acc_y:0_white:1": 0.681389570236206, "val_eval/count_y:0_white:1": 2015.0, "val_eval/acc_y:1_white:1": 0.7605633735656738, "val_eval/count_y:1_white:1": 852.0, "val_eval/acc_wg": 0.6566604375839233, "val_eval/epoch": 4}