{"train_algo/loss_group:0": 0.22758060693740845, "train_algo/loss_group:1": NaN, "train_algo/loss_group:2": NaN, "train_algo/loss_group:3": 0.22486096620559692, "train_algo/loss_group:4": 0.16898109018802643, "train_algo/loss_avg": 0.2056416966766119, "train_algo/acc_group:0": 0.9128787517547607, "train_algo/acc_group:1": NaN, "train_algo/acc_group:2": NaN, "train_algo/acc_group:3": 0.9072579741477966, "train_algo/acc_group:4": 0.9444444179534912, "train_algo/acc_avg": 0.9224999999999999, "train_algo/objective": 0.22376452624797807, "train_algo/penalty": 0.8563807427883151, "train_algo/weight_group:0": 0.38958674669265747, "train_algo/weight_group:1": NaN, "train_algo/weight_group:2": NaN, "train_algo/weight_group:3": 0.29721295833587646, "train_algo/weight_group:4": 0.3134152293205261, "train_algo/count_group:0": 528.0, "train_algo/count_group:1": 0.0, "train_algo/count_group:2": 0.0, "train_algo/count_group:3": 496.0, "train_algo/count_group:4": 576.0, "train_algo/count": 1600, "train_algo/epoch": 0, "train_algo/batch": 1599, "_runtime": 580, "_timestamp": 1615791938, "_step": 31}