{"train_algo/loss_group:0": 0.28682124614715576, "train_algo/loss_group:1": NaN, "train_algo/loss_group:2": NaN, "train_algo/loss_group:3": 0.25585535168647766, "train_algo/loss_group:4": 0.3361911475658417, "train_algo/loss_avg": 0.29326267033815373, "train_algo/acc_group:0": 0.9083333015441895, "train_algo/acc_group:1": NaN, "train_algo/acc_group:2": NaN, "train_algo/acc_group:3": 0.903571367263794, "train_algo/acc_group:4": 0.8607141375541687, "train_algo/acc_avg": 0.8899999999999998, "train_algo/objective": 0.39588052868843077, "train_algo/penalty": 2.0008022069931024, "train_algo/weight_group:0": 0.34901949763298035, "train_algo/weight_group:1": NaN, "train_algo/weight_group:2": NaN, "train_algo/weight_group:3": 0.31167367100715637, "train_algo/weight_group:4": 0.33966949582099915, "train_algo/count_group:0": 480.0, "train_algo/count_group:1": 0.0, "train_algo/count_group:2": 0.0, "train_algo/count_group:3": 560.0, "train_algo/count_group:4": 560.0, "train_algo/count": 1600, "train_algo/epoch": 0, "train_algo/batch": 249, "_runtime": 82, "_timestamp": 1615789311, "_step": 4}