{"train_algo/loss_group:0": 0.3274973928928375, "train_algo/loss_group:1": NaN, "train_algo/loss_group:2": NaN, "train_algo/loss_group:3": 0.2638534605503082, "train_algo/loss_group:4": 0.3168836236000061, "train_algo/loss_avg": 0.3039472371339796, "train_algo/acc_group:0": 0.8749999403953552, "train_algo/acc_group:1": NaN, "train_algo/acc_group:2": NaN, "train_algo/acc_group:3": 0.8925780057907104, "train_algo/acc_group:4": 0.8874999284744263, "train_algo/acc_avg": 0.884375, "train_algo/objective": 0.4164079737663268, "train_algo/penalty": 2.1243627119064326, "train_algo/weight_group:0": 0.3478841185569763, "train_algo/weight_group:1": NaN, "train_algo/weight_group:2": NaN, "train_algo/weight_group:3": 0.31604209542274475, "train_algo/weight_group:4": 0.33671385049819946, "train_algo/count_group:0": 608.0, "train_algo/count_group:1": 0.0, "train_algo/count_group:2": 0.0, "train_algo/count_group:3": 512.0, "train_algo/count_group:4": 480.0, "train_algo/count": 1600, "train_algo/epoch": 0, "train_algo/batch": 199, "_runtime": 81, "_timestamp": 1615789418, "_step": 3}