{"train_algo/loss_group:0": 0.4921094477176666, "train_algo/loss_group:1": NaN, "train_algo/loss_group:2": NaN, "train_algo/loss_group:3": 0.6133188605308533, "train_algo/loss_group:4": 0.43017178773880005, "train_algo/loss_avg": 0.5116691309213637, "train_algo/acc_group:0": 0.797793984413147, "train_algo/acc_group:1": NaN, "train_algo/acc_group:2": NaN, "train_algo/acc_group:3": 0.7821968793869019, "train_algo/acc_group:4": 0.8068180680274963, "train_algo/acc_avg": 0.795625, "train_algo/objective": -426.880822753906, "train_algo/penalty": -4272.084931640627, "train_algo/weight_group:0": 0.38007932901382446, "train_algo/weight_group:1": NaN, "train_algo/weight_group:2": NaN, "train_algo/weight_group:3": 0.2008165717124939, "train_algo/weight_group:4": 0.41959771513938904, "train_algo/count_group:0": 544.0, "train_algo/count_group:1": 0.0, "train_algo/count_group:2": 0.0, "train_algo/count_group:3": 528.0, "train_algo/count_group:4": 528.0, "train_algo/count": 1600, "train_algo/epoch": 0, "train_algo/batch": 2899, "_runtime": 904, "_timestamp": 1615788226, "_step": 57}